170,i_intmax,1576085524,0
171,i_intmin,1576085524,0
175,i_width_pos_fits,1576085524,0
176,i_width_neg_fits,1576085524,0
177,i_width_zero_fits,1576085524,0
178,i_width_pos_exactfit,1576085524,0
179,i_width_neg_exactfit,1576085524,0
180,i_width_pos_nofit,1576085524,0
181,i_width_neg_nofit,1576085524,0
182,i_width_pos_fits_lj,1576085524,0
183,i_width_neg_fits_lj,1576085524,0
184,i_width_zero_fits_lj,1576085524,0
185,i_width_pos_exactfit_lj,1576085524,0
186,i_width_neg_exactfit_lj,1576085524,0
187,i_width_pos_nofit_lj,1576085524,0
188,i_width_neg_nofit_lj,1576085524,0
192,i_prec_fits_pos,1576085524,0
193,i_prec_fits_neg,1576085524,0
194,i_prec_fits_zero,1576085524,0
195,i_prec_exactfit_pos,1576085524,0
196,i_prec_exactfit_neg,1576085524,0
197,i_prec_nofit_pos,1576085524,0
198,i_prec_nofit_neg,1576085524,0
202,i_zp_pos_fits,1576085524,0
203,i_zp_neg_fits,1576085524,0
204,i_zp_zero_fits,0,1576085524
205,i_zp_pos_exactfit,1576085524,0
206,i_zp_neg_exactfit,1576085524,0
207,i_zp_neg_minus1fit,1576085524,0
210,i_prec_width_fit_fit_pos,1576085524,0
211,i_prec_width_fit_fit_neg,1576085524,0
212,i_prec_width_fit_fit_zero,1576085524,0
213,i_prec_width_nofit_fit_pos,0,1576085524
214,i_prec_width_nofit_fit_neg,0,1576085524
215,i_prec_width_fit_nofit_pos,1576085524,0
216,i_prec_width_fit_nofit_neg,1576085524,0
217,i_prec_width_nofit_nofit_pos,1576085524,0
218,i_prec_width_nofit_nofit_neg,1576085524,0
219,i_prec_width_fit_fit_pos_lj,1576085524,0
220,i_prec_width_fit_fit_neg_lj,0,1576085524
221,i_prec_width_fit_fit_zero_lj,1576085524,0
222,i_prec_width_nofit_fit_pos_lj,0,1576085524
223,i_prec_width_nofit_fit_neg_lj,0,1576085524
224,i_prec_width_fit_nofit_pos_lj,1576085524,0
225,i_prec_width_fit_nofit_neg_lj,0,1576085524
226,i_prec_width_nofit_nofit_pos_lj,1576085524,0
227,i_prec_width_nofit_nofit_neg_lj,1576085524,0
246,i_prec_width_ff_pos_zp,1576085524,0
247,i_prec_width_ff_neg_zp,1576085524,0
248,i_prec_width_ff_zero_zp,1576085524,0
249,i_prec_width_nf_pos_zp,0,1576085524
250,i_prec_width_nf_neg_zp,0,1576085524
251,i_prec_width_fn_pos_zp,1576085524,0
252,i_prec_width_fn_neg_zp,1576085524,0
253,i_prec_width_nn_pos_zp,1576085524,0
254,i_prec_width_nn_neg_zp,1576085524,0
255,i_prec_width_ff_pos_lj_zp_ignoreflag,0,1576085524
256,i_prec_width_ff_neg_ljzp_ignoreflag,0,1576085524
257,i_prec_width_ff_zero_ljzp_ignoreflag,0,1576085524
258,i_prec_width_nf_pos_ljzp_ignoreflag,0,1576085524
259,i_prec_width_nf_neg_ljzp_ignoreflag,0,1576085524
260,i_prec_width_fn_pos_ljzp_ignoreflag,0,1576085524
261,i_prec_width_fn_neg_ljzp_ignoreflag,0,1576085524
262,i_prec_width_nn_pos_ljzp_ignoreflag,0,1576085524
263,i_prec_width_nn_neg_ljzp_ignoreflag,0,1576085524
477,i_prec0val0_implicit,1576085524,0
478,i_prec0val0_w,1576085524,0
479,i_prec0val0_w_impl,1576085524,0
480,i_prec0val0_wlj,1576085524,0
481,i_prec0val0_wlj_impl,1576085524,0
822,u_uintmax,1576085541,0
823,u_width_pos_fits,1576085541,0
824,u_width_zero_fits,1576085541,0
825,u_width_pos_exactfit,1576085541,0
826,u_width_pos_nofit,1576085541,0
827,u_width_pos_fits_lj,1576085541,0
828,u_width_zero_fits_lj,1576085541,0
829,u_width_pos_exactfit_lj,1576085541,0
830,u_width_pos_nofit_lj,1576085541,0
831,u_prec_fits_pos,1576085541,0
832,u_prec_fits_zero,1576085541,0
833,u_prec_exactfit_pos,1576085541,0
834,u_prec_nofit_pos,1576085541,0
835,u_zp_pos_fits,0,1576085541
836,u_zp_zero_fits,0,1576085541
837,u_zp_pos_exactfit,1576085541,0
838,u_prec_width_fit_fit_pos,1576085541,0
839,u_prec_width_fit_fit_zero,1576085541,0
840,u_prec_width_nofit_fit_pos,0,1576085541
841,u_prec_width_fit_nofit_pos,1576085541,0
842,u_prec_width_nofit_nofit_pos,1576085541,0
843,u_prec_width_fit_fit_pos_lj,1576085541,0
844,u_prec_width_fit_fit_zero_lj,1576085541,0
845,u_prec_width_nofit_fit_pos_lj,0,1576085541
846,u_prec_width_fit_nofit_pos_lj,1576085541,0
847,u_prec_width_nofit_nofit_pos_lj,1576085541,0
848,u_prec_width_ff_pos_zp,1576085541,0
849,u_prec_width_ff_zero_zp,1576085541,0
850,u_prec_width_nf_pos_zp,0,1576085541
851,u_prec_width_fn_pos_zp,1576085541,0
852,u_prec_width_nn_pos_zp,1576085541,0
853,u_prec_width_ff_pos_ljzp_ignoreflag,0,1576085541
854,u_prec_width_ff_zero_ljzp_ignoreflag,0,1576085541
855,u_prec_width_nf_pos_ljzp_ignoreflag,0,1576085541
856,u_prec_width_fn_pos_ljzp_ignoreflag,0,1576085541
857,u_prec_width_nn_pos_ljzp_ignoreflag,0,1576085541
880,u_prec0val0_implicit,1576085541,0
881,u_prec0val0_w,1576085541,0
882,u_prec0val0_w_impl,1576085541,0
883,u_prec0val0_wlj,1576085541,0
884,u_prec0val0_wlj_impl,1576085541,0
891,x_hexlmax,1576085560,0
892,x_width_pos_fits,1576085560,0
893,x_width_zero_fits,1576085560,0
894,x_width_pos_exactfit,1576085560,0
895,x_width_pos_nofit,1576085560,0
896,x_width_pos_fits_lj,1576085560,0
897,x_width_zero_fits_lj,1576085560,0
898,x_width_pos_exactfit_lj,1576085560,0
899,x_width_pos_nofit_lj,1576085560,0
900,x_prec_fits_pos,1576085560,0
901,x_prec_fits_zero,1576085560,0
902,x_prec_exactfit_pos,1576085560,0
903,x_prec_nofit_pos,1576085560,0
904,x_zp_pos_fits,0,1576085560
905,x_zp_zero_fits,1576085560,0
906,x_zp_pos_exactfit,1576085560,0
907,x_prec_width_fit_fit_pos,1576085560,0
908,x_prec_width_fit_fit_zero,1576085560,0
909,x_prec_width_nofit_fit_pos,0,1576085560
910,x_prec_width_fit_nofit_pos,1576085560,0
911,x_prec_width_nofit_nofit_pos,1576085560,0
912,x_prec_width_fit_fit_pos_lj,1576085560,0
913,x_prec_width_fit_fit_zero_lj,1576085560,0
914,x_prec_width_nofit_fit_pos_lj,0,1576085560
915,x_prec_width_fit_nofit_pos_lj,1576085560,0
916,x_prec_width_nofit_nofit_pos_lj,1576085560,0
917,x_prec_width_ff_pos_zp,1576085560,0
918,x_prec_width_ff_zero_zp,1576085560,0
919,x_prec_width_nf_pos_zp,0,1576085560
920,x_prec_width_fn_pos_zp,1576085560,0
921,x_prec_width_nn_pos_zp,1576085560,0
922,x_prec_width_ff_pos_ljzp_ignoreflag,0,1576085560
923,x_prec_width_ff_zero_ljzp_ignoreflag,0,1576085560
924,x_prec_width_nf_pos_ljzp_ignoreflag,0,1576085560
925,x_prec_width_fn_pos_ljzp_ignoreflag,0,1576085560
926,x_prec_width_nn_pos_ljzp_ignoreflag,0,1576085560
1009,x_prec0val0_implicit,1576085560,0
1010,x_prec0val0_w,1576085560,0
1011,x_prec0val0_w_impl,1576085560,0
1012,x_prec0val0_wlj,1576085560,0
1013,x_prec0val0_wlj_impl,1576085560,0
1023,X_hexumax,1576085556,0
1024,X_width_pos_fits,1576085556,0
1025,X_width_zero_fits,1576085556,0
1026,X_width_pos_exactfit,1576085556,0
1027,X_width_pos_nofit,1576085556,0
1028,X_width_pos_fits_lj,1576085556,0
1029,X_width_zero_fits_lj,1576085556,0
1030,X_width_pos_exactfit_lj,1576085556,0
1031,X_width_pos_nofit_lj,1576085556,0
1032,X_prec_fits_pos,1576085556,0
1033,X_prec_fits_zero,1576085556,0
1034,X_prec_exactfit_pos,1576085556,0
1035,X_prec_nofit_pos,1576085556,0
1036,X_zp_pos_fits,0,1576085556
1037,X_zp_zero_fits,0,1576085556
1038,X_zp_pos_exactfit,1576085556,0
1039,X_prec_width_fit_fit_pos,1576085556,0
1040,X_prec_width_fit_fit_zero,1576085556,0
1041,X_prec_width_nofit_fit_pos,0,1576085556
1042,X_prec_width_fit_nofit_pos,1576085556,0
1043,X_prec_width_nofit_nofit_pos,1576085556,0
1044,X_prec_width_fit_fit_pos_lj,1576085556,0
1045,X_prec_width_fit_fit_zero_lj,1576085556,0
1046,X_prec_width_nofit_fit_pos_lj,0,1576085556
1047,X_prec_width_fit_nofit_pos_lj,1576085556,0
1048,X_prec_width_nofit_nofit_pos_lj,1576085556,0
1049,X_prec_width_ff_pos_zp,1576085556,0
1050,X_prec_width_ff_zero_zp,1576085556,0
1051,X_prec_width_nf_pos_zp,0,1576085556
1052,X_prec_width_fn_pos_zp,1576085556,0
1053,X_prec_width_nn_pos_zp,1576085556,0
1054,X_prec_width_ff_pos_ljzp_ignoreflag,0,1576085556
1055,X_prec_width_ff_zero_ljzp_ignoreflag,0,1576085556
1056,X_prec_width_nf_pos_ljzp_ignoreflag,0,1576085556
1057,X_prec_width_fn_pos_ljzp_ignoreflag,0,1576085556
1058,X_prec_width_nn_pos_ljzp_ignoreflag,0,1576085556
1141,X_prec0val0_implicit,1576085556,0
1142,X_prec0val0_w,1576085556,0
1143,X_prec0val0_w_impl,1576085556,0
1144,X_prec0val0_wlj,1576085556,0
1145,X_prec0val0_wlj_impl,1576085556,0
1289,p_ftfc_5w_throwswarning,1576085551,0
1291,p_width_fit,1576085551,0
1292,p_width_nofit,1576085551,0
1293,p_width_16,1576085551,0
1294,p_width_8,1576085551,0
1295,p_width_32,1576085551,0
1296,p_width_fit_lj,1576085551,0
1297,p_width_nofit_lj,1576085551,0
1298,p_width_16_lj,1576085551,0
1299,p_width_8_lj,1576085551,0
1300,p_width_32_lj,1576085551,0
